id,order_id,user_id,action_type,old_value,new_value,description,changes,created_at,updated_at
1,6,1,created,,,订单创建: EW000001,,2025-10-13 14:32:40.042885+00,2025-10-13 14:32:40.042885+00
2,6,1,updated,,,订单更新: inquiry_company,"{""inquiry_company"":{""old"":""新建订单"",""new"":""sd""}}",2025-10-13 14:32:51.938091+00,2025-10-13 14:32:51.938091+00
3,6,1,updated,,,订单更新: shipment_number,"{""shipment_number"":{""old"":null,""new"":""3123123""}}",2025-10-13 14:32:54.209785+00,2025-10-13 14:32:54.209785+00
4,6,1,updated,,,订单更新: cargo_type,"{""cargo_type"":{""old"":null,""new"":""231""}}",2025-10-13 14:32:56.745613+00,2025-10-13 14:32:56.745613+00
5,6,1,status_changed,quote,ordered,确认下单：waiting_driver,,2025-10-13 14:33:08.476857+00,2025-10-13 14:33:08.476857+00
6,6,1,updated,,,"订单更新: truck_payment, mc_number, truck_company_name, truck_contact","{""truck_payment"":{""old"":null,""new"":123},""mc_number"":{""old"":null,""new"":""123""},""truck_company_name"":{""old"":null,""new"":""123""},""truck_contact"":{""old"":null,""new"":""123""}}",2025-10-13 14:33:08.521977+00,2025-10-13 14:33:08.521977+00
7,7,1,created,,,订单创建: EW000002,,2025-10-13 16:22:27.061718+00,2025-10-13 16:22:27.061718+00
8,8,1,created,,,订单创建: EW000003,,2025-10-13 17:40:28.092016+00,2025-10-13 17:40:28.092016+00
9,9,26,created,,,订单创建: EW000004,,2025-10-13 17:40:49.039386+00,2025-10-13 17:40:49.039386+00
10,9,26,status_changed,quote,ordered,确认下单：waiting_driver,,2025-10-13 17:41:16.639658+00,2025-10-13 17:41:16.639658+00
11,9,26,updated,,,"订单更新: truck_payment, mc_number, truck_company_name, truck_contact","{""truck_payment"":{""old"":null,""new"":232},""mc_number"":{""old"":null,""new"":""234""},""truck_company_name"":{""old"":null,""new"":""23""},""truck_contact"":{""old"":null,""new"":""234""}}",2025-10-13 17:41:16.687371+00,2025-10-13 17:41:16.687371+00
12,10,26,created,,,订单创建: EW000005,,2025-10-13 17:41:22.635069+00,2025-10-13 17:41:22.635069+00
13,11,1,created,,,订单创建: EW000006,,2025-10-13 17:42:12.513251+00,2025-10-13 17:42:12.513251+00
14,6,1,status_changed,ordered,completed,标记为已完成,,2025-10-13 17:47:32.953322+00,2025-10-13 17:47:32.953322+00
15,6,1,updated,,,"订单更新: status, sub_status","{""status"":{""old"":""completed"",""new"":""ordered""},""sub_status"":{""old"":null,""new"":""waiting_driver""}}",2025-10-13 17:47:43.288568+00,2025-10-13 17:47:43.288568+00
16,6,1,status_changed,completed,ordered,状态变更: completed → ordered,,2025-10-13 17:47:43.288568+00,2025-10-13 17:47:43.288568+00
20,6,26,status_changed,ordered,completed,标记为已完成,,2025-10-13 18:01:32.48752+00,2025-10-13 18:01:32.48752+00
24,9,26,order_cancelled,ordered,cancelled,订单已取消,,2025-10-13 18:17:00.483323+00,2025-10-13 18:17:00.483323+00
25,9,26,updated,,,订单更新: status,"{""status"":{""old"":""cancelled"",""new"":""ordered""}}",2025-10-13 18:17:05.496939+00,2025-10-13 18:17:05.496939+00
26,9,26,status_changed,cancelled,ordered,状态变更: cancelled → ordered,,2025-10-13 18:17:05.496939+00,2025-10-13 18:17:05.496939+00
27,9,26,claim_requested,false,true,申请索赔: qwe,,2025-10-13 18:17:15.557781+00,2025-10-13 18:17:15.557781+00
28,12,26,created,,,订单创建: EW000007,,2025-10-13 18:18:13.813612+00,2025-10-13 18:18:13.813612+00
29,12,26,status_changed,quote,ordered,确认下单：waiting_driver,,2025-10-13 18:18:26.699728+00,2025-10-13 18:18:26.699728+00
30,12,26,updated,,,"订单更新: mc_number, truck_company_name, truck_contact","{""mc_number"":{""old"":null,""new"":""qwe""},""truck_company_name"":{""old"":null,""new"":""qwe""},""truck_contact"":{""old"":null,""new"":""qwe""}}",2025-10-13 18:18:26.750698+00,2025-10-13 18:18:26.750698+00
31,11,1,status_changed,quote,ordered,确认下单：waiting_driver,,2025-10-13 18:19:37.086493+00,2025-10-13 18:19:37.086493+00
32,11,1,updated,,,"订单更新: mc_number, truck_company_name, truck_contact","{""mc_number"":{""old"":null,""new"":""qwe""},""truck_company_name"":{""old"":null,""new"":""qwe""},""truck_contact"":{""old"":null,""new"":""qwe""}}",2025-10-13 18:19:37.131533+00,2025-10-13 18:19:37.131533+00
33,11,26,status_changed,waiting_driver,driver_found,子状态变更：waiting_driver → driver_found,,2025-10-13 18:20:03.907884+00,2025-10-13 18:20:03.907884+00
34,11,26,order_cancelled,ordered,cancelled,订单已取消,,2025-10-13 18:20:25.067243+00,2025-10-13 18:20:25.067243+00
35,12,26,status_changed,waiting_driver,in_transit,子状态变更：waiting_driver → in_transit,,2025-10-13 18:22:03.931593+00,2025-10-13 18:22:03.931593+00
36,10,26,status_changed,quote,ordered,确认下单：waiting_driver,,2025-10-13 18:33:00.319412+00,2025-10-13 18:33:00.319412+00
37,10,26,updated,,,"订单更新: truck_payment, mc_number, truck_company_name, truck_contact","{""truck_payment"":{""old"":null,""new"":123},""mc_number"":{""old"":null,""new"":""123""},""truck_company_name"":{""old"":null,""new"":""123""},""truck_contact"":{""old"":null,""new"":""123""}}",2025-10-13 18:33:00.409175+00,2025-10-13 18:33:00.409175+00
38,8,26,status_changed,quote,ordered,确认下单：waiting_driver,,2025-10-13 18:34:39.538157+00,2025-10-13 18:34:39.538157+00
39,7,1,status_changed,quote,ordered,确认下单：waiting_driver,,2025-10-13 18:44:10.0341+00,2025-10-13 18:44:10.0341+00
40,7,1,updated,,,"订单更新: truck_payment, mc_number, truck_company_name, truck_contact","{""truck_payment"":{""old"":null,""new"":444},""mc_number"":{""old"":null,""new"":""23e4""},""truck_company_name"":{""old"":null,""new"":""234""},""truck_contact"":{""old"":null,""new"":""234""}}",2025-10-13 18:44:10.081771+00,2025-10-13 18:44:10.081771+00
41,13,1,created,,,订单创建: EW000008,,2025-10-13 18:52:29.072653+00,2025-10-13 18:52:29.072653+00
42,13,1,status_changed,quote,ordered,确认下单：waiting_driver,,2025-10-13 18:52:43.770334+00,2025-10-13 18:52:43.770334+00
43,13,1,updated,,,"订单更新: truck_payment, mc_number, truck_company_name, truck_contact, backup_driver_1_name, backup_driver_1_phone, backup_driver_2_name, backup_driver_2_phone, backup_driver_3_name, backup_driver_3_phone","{""truck_payment"":{""old"":null,""new"":123},""mc_number"":{""old"":null,""new"":""2134""},""truck_company_name"":{""old"":null,""new"":""123""},""truck_contact"":{""old"":null,""new"":""123""},""backup_driver_1_name"":{""old"":null,""new"":""123""},""backup_driver_1_phone"":{""old"":null,""new"":""123""},""backup_driver_2_name"":{""old"":null,""new"":""345""},""backup_driver_2_phone"":{""old"":null,""new"":""345""},""backup_driver_3_name"":{""old"":null,""new"":""456""},""backup_driver_3_phone"":{""old"":null,""new"":""456""}}",2025-10-13 18:52:43.817204+00,2025-10-13 18:52:43.817204+00
44,12,1,status_changed,in_transit,driver_found,子状态变更：in_transit → driver_found,,2025-10-14 02:11:24.544251+00,2025-10-14 02:11:24.544251+00
45,12,1,status_changed,driver_found,waiting_driver,子状态变更：driver_found → waiting_driver,,2025-10-14 02:11:27.402873+00,2025-10-14 02:11:27.402873+00
46,13,1,status_changed,waiting_driver,driver_found,子状态变更：waiting_driver → driver_found,,2025-10-14 02:11:31.5627+00,2025-10-14 02:11:31.5627+00
47,12,1,status_changed,waiting_driver,in_transit,子状态变更：waiting_driver → in_transit,,2025-10-14 02:11:33.602199+00,2025-10-14 02:11:33.602199+00
48,10,1,status_changed,waiting_driver,in_transit,子状态变更：waiting_driver → in_transit,,2025-10-14 02:11:40.269002+00,2025-10-14 02:11:40.269002+00
49,14,27,created,,,订单创建: EW000009,,2025-10-17 18:17:05.512177+00,2025-10-17 18:17:05.512177+00
50,15,1,created,,,订单创建: EW000010,,2025-10-24 18:47:11.740105+00,2025-10-24 18:47:11.740105+00
51,15,1,status_changed,quote,ordered,确认下单：waiting_driver,,2025-10-24 18:47:23.071592+00,2025-10-24 18:47:23.071592+00
52,15,1,updated,,,"订单更新: truck_payment, mc_number, truck_company_name, truck_contact","{""truck_payment"":{""old"":null,""new"":333},""mc_number"":{""old"":null,""new"":""123123""},""truck_company_name"":{""old"":null,""new"":""123""},""truck_contact"":{""old"":null,""new"":""123123""}}",2025-10-24 18:47:23.13046+00,2025-10-24 18:47:23.13046+00
53,15,1,status_changed,waiting_driver,driver_found,子状态变更：waiting_driver → driver_found,,2025-10-24 18:47:35.926839+00,2025-10-24 18:47:35.926839+00
54,16,1,created,,,订单创建: EW000011,,2025-10-24 18:51:12.811261+00,2025-10-24 18:51:12.811261+00
55,14,1,status_changed,quote,ordered,确认下单：waiting_driver,,2025-10-24 18:51:24.141532+00,2025-10-24 18:51:24.141532+00
56,14,1,updated,,,"订单更新: truck_payment, mc_number, truck_company_name, truck_contact","{""truck_payment"":{""old"":null,""new"":123},""mc_number"":{""old"":null,""new"":""123""},""truck_company_name"":{""old"":null,""new"":""123""},""truck_contact"":{""old"":null,""new"":""123""}}",2025-10-24 18:51:24.200854+00,2025-10-24 18:51:24.200854+00
57,17,1,created,,,订单创建: EW000012,,2025-10-24 19:32:59.460145+00,2025-10-24 19:32:59.460145+00
58,17,1,status_changed,quote,ordered,确认下单：waiting_driver,,2025-10-24 19:33:07.762947+00,2025-10-24 19:33:07.762947+00
59,17,1,updated,,,"订单更新: truck_payment, mc_number, truck_company_name, truck_contact","{""truck_payment"":{""old"":null,""new"":123},""mc_number"":{""old"":null,""new"":""123""},""truck_company_name"":{""old"":null,""new"":""123""},""truck_contact"":{""old"":null,""new"":""123""}}",2025-10-24 19:33:07.820899+00,2025-10-24 19:33:07.820899+00
60,16,1,status_changed,quote,ordered,确认下单：waiting_driver,,2025-10-24 20:01:49.88611+00,2025-10-24 20:01:49.88611+00
61,16,1,updated,,,"订单更新: truck_payment, mc_number, truck_company_name, truck_contact","{""truck_payment"":{""old"":null,""new"":123},""mc_number"":{""old"":null,""new"":""123""},""truck_company_name"":{""old"":null,""new"":""123""},""truck_contact"":{""old"":null,""new"":""123""}}",2025-10-24 20:01:49.940832+00,2025-10-24 20:01:49.940832+00
62,6,1,updated,,,"订单更新: status, sub_status","{""status"":{""old"":""completed"",""new"":""ordered""},""sub_status"":{""old"":null,""new"":""waiting_driver""}}",2025-10-25 13:56:01.949289+00,2025-10-25 13:56:01.949289+00
63,6,1,status_changed,completed,ordered,状态变更: completed → ordered,,2025-10-25 13:56:01.949289+00,2025-10-25 13:56:01.949289+00
64,6,1,updated,,,"订单更新: status, sub_status, truck_payment, mc_number, truck_company_name, truck_contact","{""status"":{""old"":""ordered"",""new"":""quote""},""sub_status"":{""old"":""waiting_driver"",""new"":null},""truck_payment"":{""old"":""123.00"",""new"":null},""mc_number"":{""old"":""123"",""new"":null},""truck_company_name"":{""old"":""123"",""new"":null},""truck_contact"":{""old"":""123"",""new"":null}}",2025-10-25 13:56:09.430071+00,2025-10-25 13:56:09.430071+00
65,6,1,status_changed,ordered,quote,状态变更: ordered → quote,,2025-10-25 13:56:09.430071+00,2025-10-25 13:56:09.430071+00
66,6,1,updated,,,订单更新: inquiry_company,"{""inquiry_company"":{""old"":""sd"",""new"":""EW""}}",2025-10-25 13:56:19.162634+00,2025-10-25 13:56:19.162634+00
67,6,1,updated,,,订单更新: shipment_number,"{""shipment_number"":{""old"":""3123123"",""new"":""Test""}}",2025-10-25 13:56:29.575344+00,2025-10-25 13:56:29.575344+00
68,6,1,updated,,,订单更新: shipment_number,"{""shipment_number"":{""old"":""Test"",""new"":""Shipping123""}}",2025-10-25 13:56:42.783779+00,2025-10-25 13:56:42.783779+00
69,6,1,updated,,,订单更新: cargo_type,"{""cargo_type"":{""old"":""231"",""new"":""测试砖块""}}",2025-10-25 13:57:01.304136+00,2025-10-25 13:57:01.304136+00
70,6,1,updated,,,订单更新: origin_address,"{""origin_address"":{""old"":null,""new"":""45 Patrick Ave, UNIT B Edison, NJ 08837""}}",2025-10-25 13:57:36.603583+00,2025-10-25 13:57:36.603583+00
71,6,1,updated,,,订单更新: destination_address,"{""destination_address"":{""old"":null,""new"":""29 Forest ave, Portland, Maine 04101""}}",2025-10-25 13:57:53.520979+00,2025-10-25 13:57:53.520979+00
72,6,1,updated,,,"订单更新: destination_city, destination_state, destination_zipcode","{""destination_city"":{""old"":null,""new"":""Portland""},""destination_state"":{""old"":null,""new"":""ME""},""destination_zipcode"":{""old"":null,""new"":""04101""}}",2025-10-25 13:57:54.452747+00,2025-10-25 13:57:54.452747+00
73,6,1,updated,,,订单更新: origin_address,"{""origin_address"":{""old"":""45 Patrick Ave, UNIT B Edison, NJ 08837"",""new"":""191 south keim st, 1c-1, Pottstown, pa 19464""}}",2025-10-25 13:58:21.795993+00,2025-10-25 13:58:21.795993+00
74,6,1,updated,,,"订单更新: transport_distance, origin_city, origin_state, origin_zipcode","{""transport_distance"":{""old"":null,""new"":431},""origin_city"":{""old"":null,""new"":""Pottstown""},""origin_state"":{""old"":null,""new"":""PA""},""origin_zipcode"":{""old"":null,""new"":""19464""}}",2025-10-25 13:58:22.864044+00,2025-10-25 13:58:22.864044+00
75,6,1,updated,,,"订单更新: weight_list, total_weight_lbs","{""weight_list"":{""old"":null,""new"":""[2728,2161,2639,3153,1054,2243,878,300]""},""total_weight_lbs"":{""old"":null,""new"":15156}}",2025-10-25 14:00:01.478306+00,2025-10-25 14:00:01.478306+00
76,6,1,updated,,,"订单更新: dimensions_list, total_volume, actual_pallets","{""dimensions_list"":{""old"":null,""new"":""[{\""length\"":44,\""width\"":21,\""height\"":34,\""pieces\"":1,\""volume\"":18.180555555555557,\""original\"":\""44*21*34 1p\""},{\""length\"":36,\""width\"":21,\""height\"":31,\""pieces\"":1,\""volume\"":13.5625,\""original\"":\""36*21*31 1p\""},{\""length\"":36,\""width\"":21,\""height\"":33,\""pieces\"":1,\""volume\"":14.4375,\""original\"":\""36*21*33 1p\""},{\""length\"":36,\""width\"":21,\""height\"":36,\""pieces\"":1,\""volume\"":15.75,\""original\"":\""36*21*36 1p\""},{\""length\"":37,\""width\"":16,\""height\"":24,\""pieces\"":1,\""volume\"":8.222222222222221,\""original\"":\""37*16*24 1p\""},{\""length\"":40,\""width\"":19,\""height\"":30,\""pieces\"":1,\""volume\"":13.194444444444445,\""original\"":\""40*19*30 1p\""},{\""length\"":19,\""width\"":17,\""height\"":17,\""pieces\"":1,\""volume\"":3.177662037037037,\""original\"":\""19*17*17 1p\""},{\""length\"":26,\""width\"":10,\""height\"":13,\""pieces\"":1,\""volume\"":1.9560185185185186,\""original\"":\""26*10*13 1p\""}]""},""total_volume"":{""old"":null,""new"":88.48090277777777},""actual_pallets"":{""old"":null,""new"":8}}",2025-10-25 14:00:19.118374+00,2025-10-25 14:00:19.118374+00
77,6,1,updated,,,订单更新: cargo_value,"{""cargo_value"":{""old"":null,""new"":""300""}}",2025-10-25 14:00:33.451152+00,2025-10-25 14:00:33.451152+00
78,6,1,updated,,,"订单更新: total_area_pallets, quote_reference, quote_ref_10, quote_ref_20, quote_ref_30","{""total_area_pallets"":{""old"":null,""new"":""8""},""quote_reference"":{""old"":null,""new"":100},""quote_ref_10"":{""old"":null,""new"":110.00000000000001},""quote_ref_20"":{""old"":null,""new"":120},""quote_ref_30"":{""old"":null,""new"":130}}",2025-10-25 14:00:38.910804+00,2025-10-25 14:00:38.910804+00
79,6,1,updated,,,"订单更新: total_dat, quote_reference, quote_ref_10, quote_ref_20, quote_ref_30","{""total_dat"":{""old"":null,""new"":""500""},""quote_reference"":{""old"":""100.00"",""new"":4100},""quote_ref_10"":{""old"":""110.00"",""new"":4510},""quote_ref_20"":{""old"":""120.00"",""new"":4920},""quote_ref_30"":{""old"":""130.00"",""new"":5330}}",2025-10-25 14:00:43.805652+00,2025-10-25 14:00:43.805652+00
80,6,1,updated,,,订单更新: ideal_quote,"{""ideal_quote"":{""old"":null,""new"":""200""}}",2025-10-25 14:01:08.240832+00,2025-10-25 14:01:08.240832+00
81,6,1,updated,,,"订单更新: truck_pallets, quote_reference, quote_ref_10, quote_ref_20, quote_ref_30","{""truck_pallets"":{""old"":null,""new"":""26""},""quote_reference"":{""old"":""4100.00"",""new"":253.84615384615384},""quote_ref_10"":{""old"":""4510.00"",""new"":279.2307692307692},""quote_ref_20"":{""old"":""4920.00"",""new"":304.6153846153846},""quote_ref_30"":{""old"":""5330.00"",""new"":330}}",2025-10-25 14:01:16.649362+00,2025-10-25 14:01:16.649362+00
82,6,1,updated,,,订单更新: tql_price_1,"{""tql_price_1"":{""old"":null,""new"":""400""}}",2025-10-25 14:01:23.593674+00,2025-10-25 14:01:23.593674+00
83,6,1,updated,,,订单更新: tql_price_2,"{""tql_price_2"":{""old"":null,""new"":""500""}}",2025-10-25 14:01:27.270915+00,2025-10-25 14:01:27.270915+00
84,6,1,updated,,,订单更新: tql_price_1,"{""tql_price_1"":{""old"":""400.00"",""new"":""0""}}",2025-10-25 14:01:43.925746+00,2025-10-25 14:01:43.925746+00
85,6,1,updated,,,订单更新: tql_price_2,"{""tql_price_2"":{""old"":""500.00"",""new"":""0""}}",2025-10-25 14:01:53.960874+00,2025-10-25 14:01:53.960874+00
86,6,1,updated,,,订单更新: ideal_quote,"{""ideal_quote"":{""old"":""200.00"",""new"":""0""}}",2025-10-25 14:02:05.698086+00,2025-10-25 14:02:05.698086+00
87,6,1,updated,,,订单更新: ideal_quote,"{""ideal_quote"":{""old"":""0.00"",""new"":""300""}}",2025-10-25 14:02:16.243192+00,2025-10-25 14:02:16.243192+00
88,6,1,updated,,,订单更新: tql_price_1,"{""tql_price_1"":{""old"":""0.00"",""new"":""400""}}",2025-10-25 14:02:19.747319+00,2025-10-25 14:02:19.747319+00
89,6,1,updated,,,订单更新: tql_price_2,"{""tql_price_2"":{""old"":""0.00"",""new"":""500""}}",2025-10-25 14:02:23.755868+00,2025-10-25 14:02:23.755868+00
90,6,1,updated,,,订单更新: profit,"{""profit"":{""old"":null,""new"":""100""}}",2025-10-25 14:02:27.659353+00,2025-10-25 14:02:27.659353+00
91,6,1,status_changed,quote,ordered,确认下单：waiting_driver,,2025-10-25 14:03:08.890972+00,2025-10-25 14:03:08.890972+00
92,6,1,updated,,,"订单更新: truck_payment, mc_number, truck_company_name, truck_contact","{""truck_payment"":{""old"":null,""new"":200},""mc_number"":{""old"":null,""new"":""MC123123""},""truck_company_name"":{""old"":null,""new"":""Hauppauge""},""truck_contact"":{""old"":null,""new"":""2312312312""}}",2025-10-25 14:03:08.944785+00,2025-10-25 14:03:08.944785+00
93,18,28,created,,,订单创建: EW000013,,2025-10-25 15:21:08.988547+00,2025-10-25 15:21:08.988547+00
94,19,28,created,,,订单创建: EW000014,,2025-10-25 15:25:29.379356+00,2025-10-25 15:25:29.379356+00
95,19,28,updated,,,订单更新: origin_address,"{""origin_address"":{""old"":null,""new"":""19321 E Walnut Dr N,City of Industry CA 91748""}}",2025-10-25 15:27:18.187293+00,2025-10-25 15:27:18.187293+00
96,19,28,updated,,,订单更新: destination_address,"{""destination_address"":{""old"":null,""new"":""969 Harcot Ct, San Jose California San Jose California 95133 US""}}",2025-10-25 15:27:30.552191+00,2025-10-25 15:27:30.552191+00
97,19,28,updated,,,"订单更新: destination_city, destination_state, destination_zipcode","{""destination_city"":{""old"":null,""new"":""San Jose""},""destination_state"":{""old"":null,""new"":""CA""},""destination_zipcode"":{""old"":null,""new"":""95133""}}",2025-10-25 15:27:31.576606+00,2025-10-25 15:27:31.576606+00
98,19,28,updated,,,订单更新: destination_address,"{""destination_address"":{""old"":""969 Harcot Ct, San Jose California San Jose California 95133 US"",""new"":""969 Harcot Ct, San Jose California San Jose California 95133 ""}}",2025-10-25 15:27:55.940881+00,2025-10-25 15:27:55.940881+00
99,19,28,updated,,,"订单更新: weight_list, total_weight_lbs","{""weight_list"":{""old"":null,""new"":""[283,255,189,199,549,298,256,268,245,221,174,263,434,650,117]""},""total_weight_lbs"":{""old"":null,""new"":4401}}",2025-10-25 15:36:33.218688+00,2025-10-25 15:36:33.218688+00
100,19,28,updated,,,"订单更新: dimensions_list, total_volume, actual_pallets","{""dimensions_list"":{""old"":null,""new"":""[{\""length\"":136,\""width\"":61,\""height\"":12,\""pieces\"":1,\""volume\"":57.611111111111114,\""original\"":\""136*61*12 1p\""},{\""length\"":71,\""width\"":69,\""height\"":26,\""pieces\"":1,\""volume\"":73.71180555555556,\""original\"":\""71*69*26 1p\""},{\""length\"":83,\""width\"":22,\""height\"":22,\""pieces\"":1,\""volume\"":23.247685185185187,\""original\"":\""83*22*22 1p\""},{\""length\"":107,\""width\"":39,\""height\"":23,\""pieces\"":1,\""volume\"":55.54340277777778,\""original\"":\""107*39*23 1p\""},{\""length\"":69,\""width\"":60,\""height\"":29,\""pieces\"":1,\""volume\"":69.47916666666667,\""original\"":\""69*60*29 1p\""},{\""length\"":67,\""width\"":60,\""height\"":25,\""pieces\"":1,\""volume\"":58.15972222222222,\""original\"":\""67*60*25 1p\""},{\""length\"":68,\""width\"":62,\""height\"":30,\""pieces\"":1,\""volume\"":73.19444444444444,\""original\"":\""68*62*30 1p\""},{\""length\"":76,\""width\"":73,\""height\"":31,\""pieces\"":1,\""volume\"":99.5300925925926,\""original\"":\""76*73*31 1p\""},{\""length\"":66,\""width\"":56,\""height\"":30,\""pieces\"":1,\""volume\"":64.16666666666667,\""original\"":\""66*56*30 1p\""},{\""length\"":52,\""width\"":45,\""height\"":41,\""pieces\"":1,\""volume\"":55.520833333333336,\""original\"":\""52*45*41 1p\""},{\""length\"":60,\""width\"":44,\""height\"":29,\""pieces\"":1,\""volume\"":44.30555555555556,\""original\"":\""60*44*29 1p\""},{\""length\"":83,\""width\"":50,\""height\"":21,\""pieces\"":1,\""volume\"":50.43402777777778,\""original\"":\""83*50*21 1p\""},{\""length\"":83,\""width\"":67,\""height\"":30,\""pieces\"":1,\""volume\"":96.54513888888889,\""original\"":\""83*67*30 1p\""},{\""length\"":101,\""width\"":62,\""height\"":25,\""pieces\"":1,\""volume\"":90.59606481481481,\""original\"":\""101*62*25 1p\""},{\""length\"":69,\""width\"":31,\""height\"":22,\""pieces\"":1,\""volume\"":27.23263888888889,\""original\"":\""69*31*22 1p\""}]""},""total_volume"":{""old"":null,""new"":939.2783564814816},""actual_pallets"":{""old"":null,""new"":15}}",2025-10-25 15:36:41.009447+00,2025-10-25 15:36:41.009447+00
101,19,28,updated,,,订单更新: origin_address,"{""origin_address"":{""old"":""19321 E Walnut Dr N,City of Industry CA 91748"",""new"":""City of Industry CA 91748""}}",2025-10-25 15:40:55.865279+00,2025-10-25 15:40:55.865279+00
102,19,28,updated,,,"订单更新: transport_distance, origin_city, origin_state, origin_zipcode","{""transport_distance"":{""old"":null,""new"":364},""origin_city"":{""old"":null,""new"":""City of Industry""},""origin_state"":{""old"":null,""new"":""CA""},""origin_zipcode"":{""old"":null,""new"":""91748""}}",2025-10-25 15:40:56.912295+00,2025-10-25 15:40:56.912295+00
103,19,28,updated,,,订单更新: origin_address,"{""origin_address"":{""old"":""City of Industry CA 91748"",""new"":""11788""}}",2025-10-25 15:42:21.496012+00,2025-10-25 15:42:21.496012+00
104,19,28,updated,,,"订单更新: transport_distance, origin_city, origin_state, origin_zipcode","{""transport_distance"":{""old"":""364.00"",""new"":2975},""origin_city"":{""old"":""City of Industry"",""new"":""Smithtown""},""origin_state"":{""old"":""CA"",""new"":""NY""},""origin_zipcode"":{""old"":""91748"",""new"":""11788""}}",2025-10-25 15:42:23.056755+00,2025-10-25 15:42:23.056755+00
105,19,28,updated,,,订单更新: origin_address,"{""origin_address"":{""old"":""11788"",""new"":""flushing ny""}}",2025-10-25 15:42:47.903312+00,2025-10-25 15:42:47.903312+00
106,19,28,updated,,,"订单更新: origin_city, origin_zipcode","{""origin_city"":{""old"":""Smithtown"",""new"":""Queens""},""origin_zipcode"":{""old"":""11788"",""new"":""""}}",2025-10-25 15:42:48.636758+00,2025-10-25 15:42:48.636758+00
107,19,28,updated,,,"订单更新: dimensions_list, total_volume, actual_pallets","{""dimensions_list"":{""old"":""[{\""length\"":136,\""width\"":61,\""height\"":12,\""pieces\"":1,\""volume\"":57.611111111111114,\""original\"":\""136*61*12 1p\""},{\""length\"":71,\""width\"":69,\""height\"":26,\""pieces\"":1,\""volume\"":73.71180555555556,\""original\"":\""71*69*26 1p\""},{\""length\"":83,\""width\"":22,\""height\"":22,\""pieces\"":1,\""volume\"":23.247685185185187,\""original\"":\""83*22*22 1p\""},{\""length\"":107,\""width\"":39,\""height\"":23,\""pieces\"":1,\""volume\"":55.54340277777778,\""original\"":\""107*39*23 1p\""},{\""length\"":69,\""width\"":60,\""height\"":29,\""pieces\"":1,\""volume\"":69.47916666666667,\""original\"":\""69*60*29 1p\""},{\""length\"":67,\""width\"":60,\""height\"":25,\""pieces\"":1,\""volume\"":58.15972222222222,\""original\"":\""67*60*25 1p\""},{\""length\"":68,\""width\"":62,\""height\"":30,\""pieces\"":1,\""volume\"":73.19444444444444,\""original\"":\""68*62*30 1p\""},{\""length\"":76,\""width\"":73,\""height\"":31,\""pieces\"":1,\""volume\"":99.5300925925926,\""original\"":\""76*73*31 1p\""},{\""length\"":66,\""width\"":56,\""height\"":30,\""pieces\"":1,\""volume\"":64.16666666666667,\""original\"":\""66*56*30 1p\""},{\""length\"":52,\""width\"":45,\""height\"":41,\""pieces\"":1,\""volume\"":55.520833333333336,\""original\"":\""52*45*41 1p\""},{\""length\"":60,\""width\"":44,\""height\"":29,\""pieces\"":1,\""volume\"":44.30555555555556,\""original\"":\""60*44*29 1p\""},{\""length\"":83,\""width\"":50,\""height\"":21,\""pieces\"":1,\""volume\"":50.43402777777778,\""original\"":\""83*50*21 1p\""},{\""length\"":83,\""width\"":67,\""height\"":30,\""pieces\"":1,\""volume\"":96.54513888888889,\""original\"":\""83*67*30 1p\""},{\""length\"":101,\""width\"":62,\""height\"":25,\""pieces\"":1,\""volume\"":90.59606481481481,\""original\"":\""101*62*25 1p\""},{\""length\"":69,\""width\"":31,\""height\"":22,\""pieces\"":1,\""volume\"":27.23263888888889,\""original\"":\""69*31*22 1p\""}]"",""new"":""[{\""length\"":40,\""width\"":48,\""height\"":72,\""pieces\"":1,\""volume\"":80,\""original\"":\""40*48*72\""}]""},""total_volume"":{""old"":""939.28"",""new"":80},""actual_pallets"":{""old"":15,""new"":1}}",2025-10-25 15:44:33.546499+00,2025-10-25 15:44:33.546499+00
108,19,28,updated,,,"订单更新: weight_list, total_weight_lbs","{""weight_list"":{""old"":""[283,255,189,199,549,298,256,268,245,221,174,263,434,650,117]"",""new"":""[1000]""},""total_weight_lbs"":{""old"":""4401.00"",""new"":1000}}",2025-10-25 15:44:55.915318+00,2025-10-25 15:44:55.915318+00
109,19,28,updated,,,"订单更新: total_dat, quote_reference, quote_ref_10, quote_ref_20, quote_ref_30","{""total_dat"":{""old"":null,""new"":""3500""},""quote_reference"":{""old"":null,""new"":100},""quote_ref_10"":{""old"":null,""new"":110.00000000000001},""quote_ref_20"":{""old"":null,""new"":120},""quote_ref_30"":{""old"":null,""new"":130}}",2025-10-25 15:45:04.914957+00,2025-10-25 15:45:04.914957+00
110,18,28,updated,,,订单更新: ideal_quote,"{""ideal_quote"":{""old"":null,""new"":""300""}}",2025-10-25 15:58:23.600059+00,2025-10-25 15:58:23.600059+00
111,19,28,updated,,,订单更新: inquiry_company,"{""inquiry_company"":{""old"":""新建订单"",""new"":""""}}",2025-10-25 15:59:22.912282+00,2025-10-25 15:59:22.912282+00
112,19,28,updated,,,"订单更新: truck_pallets, quote_reference, quote_ref_10, quote_ref_20, quote_ref_30","{""truck_pallets"":{""old"":null,""new"":""26""},""quote_reference"":{""old"":""100.00"",""new"":100},""quote_ref_10"":{""old"":""110.00"",""new"":110.00000000000001},""quote_ref_20"":{""old"":""120.00"",""new"":120},""quote_ref_30"":{""old"":""130.00"",""new"":130}}",2025-10-25 16:42:35.821134+00,2025-10-25 16:42:35.821134+00
113,19,28,updated,,,"订单更新: truck_pallets, quote_reference, quote_ref_10, quote_ref_20, quote_ref_30","{""truck_pallets"":{""old"":26,""new"":""18""},""quote_reference"":{""old"":""100.00"",""new"":100},""quote_ref_10"":{""old"":""110.00"",""new"":110.00000000000001},""quote_ref_20"":{""old"":""120.00"",""new"":120},""quote_ref_30"":{""old"":""130.00"",""new"":130}}",2025-10-25 16:43:08.889909+00,2025-10-25 16:43:08.889909+00
114,19,28,updated,,,"订单更新: total_dat, quote_reference, quote_ref_10, quote_ref_20, quote_ref_30","{""total_dat"":{""old"":""3500.00"",""new"":""500""},""quote_reference"":{""old"":""100.00"",""new"":100},""quote_ref_10"":{""old"":""110.00"",""new"":110.00000000000001},""quote_ref_20"":{""old"":""120.00"",""new"":120},""quote_ref_30"":{""old"":""130.00"",""new"":130}}",2025-10-25 16:44:45.889873+00,2025-10-25 16:44:45.889873+00
115,19,28,updated,,,订单更新: ideal_quote,"{""ideal_quote"":{""old"":null,""new"":""500""}}",2025-10-25 16:44:51.645974+00,2025-10-25 16:44:51.645974+00
116,19,28,updated,,,"订单更新: truck_pallets, quote_reference, quote_ref_10, quote_ref_20, quote_ref_30","{""truck_pallets"":{""old"":18,""new"":""26""},""quote_reference"":{""old"":""100.00"",""new"":100},""quote_ref_10"":{""old"":""110.00"",""new"":110.00000000000001},""quote_ref_20"":{""old"":""120.00"",""new"":120},""quote_ref_30"":{""old"":""130.00"",""new"":130}}",2025-10-25 16:44:56.640317+00,2025-10-25 16:44:56.640317+00
117,6,1,updated,,,"订单更新: total_dat, quote_reference, quote_ref_10, quote_ref_20, quote_ref_30","{""total_dat"":{""old"":""500.00"",""new"":""5000""},""quote_reference"":{""old"":""253.85"",""new"":1638.4615384615386},""quote_ref_10"":{""old"":""279.23"",""new"":1802.3076923076926},""quote_ref_20"":{""old"":""304.62"",""new"":1966.1538461538462},""quote_ref_30"":{""old"":""330.00"",""new"":2130}}",2025-10-25 19:47:13.861443+00,2025-10-25 19:47:13.861443+00
118,6,1,updated,,,"订单更新: truck_pallets, quote_reference, quote_ref_10, quote_ref_20, quote_ref_30","{""truck_pallets"":{""old"":26,""new"":""18""},""quote_reference"":{""old"":""1638.46"",""new"":2322.222222222222},""quote_ref_10"":{""old"":""1802.31"",""new"":2554.444444444445},""quote_ref_20"":{""old"":""1966.15"",""new"":2786.6666666666665},""quote_ref_30"":{""old"":""2130.00"",""new"":3018.888888888889}}",2025-10-25 19:47:45.715072+00,2025-10-25 19:47:45.715072+00
119,6,1,updated,,,"订单更新: truck_pallets, quote_reference, quote_ref_10, quote_ref_20, quote_ref_30","{""truck_pallets"":{""old"":18,""new"":""26""},""quote_reference"":{""old"":""2322.22"",""new"":1638.4615384615386},""quote_ref_10"":{""old"":""2554.44"",""new"":1802.3076923076926},""quote_ref_20"":{""old"":""2786.67"",""new"":1966.1538461538462},""quote_ref_30"":{""old"":""3018.89"",""new"":2130}}",2025-10-25 19:48:09.338243+00,2025-10-25 19:48:09.338243+00
120,20,1,created,,,订单创建: EW000015,,2025-10-25 20:45:02.470153+00,2025-10-25 20:45:02.470153+00
121,21,1,created,,,订单创建: EW16,,2025-10-25 20:54:00.849995+00,2025-10-25 20:54:00.849995+00
122,19,1,updated,,,订单更新: inquiry_company,"{""inquiry_company"":{""old"":"""",""new"":""EW-test""}}",2025-10-25 21:13:08.231741+00,2025-10-25 21:13:08.231741+00
123,19,1,updated,,,订单更新: destination_address,"{""destination_address"":{""old"":""969 Harcot Ct, San Jose California San Jose California 95133 "",""new"":""969 Harcot Ct, San Jose California 95133 ""}}",2025-10-25 21:23:31.485322+00,2025-10-25 21:23:31.485322+00
124,16,1,status_changed,waiting_driver,sent_to_3pl,子状态变更：waiting_driver → sent_to_3pl,,2025-10-25 21:29:57.937075+00,2025-10-25 21:29:57.937075+00
125,16,1,status_changed,sent_to_3pl,waiting_driver,子状态变更：sent_to_3pl → waiting_driver,,2025-10-25 21:30:03.69242+00,2025-10-25 21:30:03.69242+00
126,16,1,status_changed,waiting_driver,sent_to_3pl,子状态变更：waiting_driver → sent_to_3pl,,2025-10-25 21:30:09.979489+00,2025-10-25 21:30:09.979489+00
127,6,1,updated,,,订单更新: ew_quote_price,"{""ew_quote_price"":{""old"":null,""new"":""300""}}",2025-10-25 21:50:47.826271+00,2025-10-25 21:50:47.826271+00
128,19,1,updated,,,订单更新: shipment_number,"{""shipment_number"":{""old"":null,""new"":""9999999""}}",2025-10-25 21:52:48.63712+00,2025-10-25 21:52:48.63712+00
129,19,1,updated,,,订单更新: cargo_type,"{""cargo_type"":{""old"":null,""new"":""测试一下，这是备注，告诉你货物类型""}}",2025-10-25 21:53:11.391083+00,2025-10-25 21:53:11.391083+00
130,19,1,updated,,,订单更新: cargo_type,"{""cargo_type"":{""old"":""测试一下，这是备注，告诉你货物类型"",""new"":""测试一下，这是备注，告诉你货物类型，测试一下，这是备注，告诉你货物类型，测试一下，这是备注，告诉你货物类型""}}",2025-10-25 21:53:19.160822+00,2025-10-25 21:53:19.160822+00
131,19,1,updated,,,订单更新: ew_quote_price,"{""ew_quote_price"":{""old"":null,""new"":""500""}}",2025-10-25 21:54:20.947596+00,2025-10-25 21:54:20.947596+00
132,19,1,updated,,,订单更新: cargo_type,"{""cargo_type"":{""old"":""测试一下，这是备注，告诉你货物类型，测试一下，这是备注，告诉你货物类型，测试一下，这是备注，告诉你货物类型"",""new"":""""}}",2025-10-25 21:55:26.576665+00,2025-10-25 21:55:26.576665+00
133,19,1,updated,,,订单更新: cargo_type,"{""cargo_type"":{""old"":"""",""new"":""Test it, this is a note, tell you the type of goods""}}",2025-10-25 21:55:55.626163+00,2025-10-25 21:55:55.626163+00
134,17,1,status_changed,waiting_driver,driver_found,子状态变更：waiting_driver → driver_found,,2025-11-01 18:38:24.778513+00,2025-11-01 18:38:24.778513+00
135,17,1,status_changed,driver_found,sent_to_3pl,子状态变更：driver_found → sent_to_3pl,,2025-11-01 18:38:27.261256+00,2025-11-01 18:38:27.261256+00
136,22,28,created,,,订单创建: EW17,,2025-11-18 20:23:40.489949+00,2025-11-18 20:23:40.489949+00
