id,user_id,title,category,company,location,salary,work_type,experience,description,contact_phone,contact_email,contact_person,views,is_active,is_featured,created_at,updated_at,status,is_premium,views_count,last_refreshed
1,1,Class A 司机,CLASS A 司机,EW,纽约,1750,全职,1-3年,保险公司要求1年以上,6465298575,homebay99@gmail.com,Pengguang Weng,0,t,f,2025-08-12 19:48:15.207+00,2025-08-12 19:48:15.207+00,active,t,0,
2,1,ClassB,CLASS B 司机,EW,洛杉矶,5000,全职,1-3年,test,2313232323,hr@company.com,"",0,t,f,2025-11-08 16:55:45.227+00,2025-11-08 16:55:45.227+00,active,f,0,
3,28,高薪聘请码头司机,CLASS A 司机,东西方物流,纽约,电议,全职,1年以内,"纽约和新泽西卡车公司高薪聘请码头司机，保险公司要求一年以上经验，手档牌优先，需TWIC卡，多地点开工。另请中长途司机。

请联系call646－529－8575",6465298575,homebay99@gmail.com,"",0,t,f,2025-11-18 16:03:57.251+00,2025-11-18 16:04:42.564+00,active,t,0,
4,28,纽约和NJ短中途大牌司机,CLASS A 司机,东西方物流,纽约,电议,全职,1-3年,"纽约和NJ招聘：纽约Brooklyn和新泽西，短中途大牌class A司机，保险公司需一年以上经验，纽泽西bk等多地开工，全职，有TWIC卡优先。

联系方式：
请call或者留言：646-529-8575
微信：hauppaugeftl",6465298575,homebay99@gmail.com,"",0,t,f,2025-11-18 17:29:09.225+00,2025-11-18 17:29:09.225+00,active,t,0,
